Workbook

Sheet CLD Flame, E-Field, S-Flame
A1: INPUT | B1: Experiment Type | C1: Burner | D1: Fuel Gas Bottle | E1: Oxidizer Gas Bottle | F1: Burner First Reactant Fraction | G1: Primary Velocity (cm/s) | H1: Coflow Velocity (cm/s)
B2: Coflow | C2: Coflow | D2: CH4/N2 40/60% | E2: O2/N2 21/79% | F2: 0.3 | G2: 50 | H2: 50
A5: INTERMEDIATE
B6: Bottle Gas 1 Fraction | C6: Burner Area (m2) | E6: Outer coflow Area (m2)
B7: =VLOOKUP(D2,Tables!A3:C27,3,FALSE) -> 0.4 | C7: =VLOOKUP(C2,Tables!D35:H40,3,FALSE) -> 3.6609615e-06 | E7: =VLOOKUP(C2,Tables!D35:H40,5,FALSE) -> 0.00048604952
B8: Fuel GCF | C8: Fuel + Inert (actual gas) | E8: Oxidizer (actual gas)
B9: =VLOOKUP(D2,Tables!A3:I27,9,FALSE) -> 0.89792671 | C9: =G2*Tables!B31*C7*Tables!B32/Tables!B33*Tables!B34 -> 0.10061965 | E9: =H2*Tables!B31*'CLD Flame, E-Field, S-Flame'!E7*Tables!B32/Tables!B33*Tables!B34 -> 13.358822
B10: Fuel (actual gas) | C10: Inert (actual gas) | E10: Oxidizer GCF
B11: =C9*F2/B7 -> 0.075464739 | C11: =(1-F2/B7)*C9 -> 0.025154913 | E11: =VLOOKUP(E2,Tables!A22:I27,9,FALSE) -> 0.99527653
A14: RESULTS | B14: MFCA1 | C14: MFCA2 | D14: MFCA3
B15: Oxidizer(slpm N2-based) | C15: Inert (slpm N2-based) | D15: Fuel (slpm N2-based)
B16: =E9/E11 -> 13.422222 | C16: =C11 -> 0.025154913 | D16: =B11/B9 -> 0.084043317

Sheet BRE
A1: INPUT | B1: Experiment Type | C1: Burner | D1: Fuel Gas Bottle | E1: Burner First Reactant Fraction | F1: Burner mass flow (slpm) | G1: P0 (atm) (for velocity calculation)
B2: BRE | C2: BRE 25mm | D2: C2H4 100% | E2: 0.75 | F2: 0.2 | G2: 2
A5: INTERMEDIATE
B6: Bottle Gas 1 Fraction | C6: Burner Area (m2)
B7: =VLOOKUP(D2,Tables!A3:C27,3,FALSE) -> 1 | C7: =VLOOKUP(C2,Tables!J34:M38,4,FALSE) -> 0.00049087385
B8: Fuel GCF | C8: Inert GCF
B9: =VLOOKUP(D2,Tables!A3:I27,9,FALSE) -> 0.6062 | C9: 1
B10: Fuel (slpm actual gas) | C10: Inert (slpm actual gas)
B11: =F2/((1/B9)+((1/C9)*(1-E2)/E2)) -> 0.10085963 | C11: =((1-E2)/E2)*B11 -> 0.033619877
A14: RESULTS | B14: MFCA1 | C14: MFCA2 | D14: MFCA3
B15: Oxidizer(slpm N2-based) | C15: Inert (slpm N2-based) | D15: Fuel (slpm N2-based) | E15: Velocity (cm/s)
B16: 0 | C16: =C11/C9 -> 0.033619877 | D16: =B11/B9 -> 0.16638012 | E16: =(B11+C11)/C7/Tables!B32*Tables!B33/G2/Tables!B34 -> 0.2282995

Sheet Flame Design
A1: INPUT | B1: Experiment Type | C1: Burner | D1: Fuel or Oxidizer? | E1: Fuel or Oxidizer Bottle | F1: Mass Rate (slpm actual gas) | G1: First Reactant Fraction
B2: Flame Design | C2: Spherical 1/4 | D2: Oxidizer | E2: O2/N2 85/15% | F2: 0.21571903 | G2: 0.21
F4: For reference, mass rate values from matrix:
F5: C2H4 | G5: =(0.0015*60/28.054)*(0.0820575*273.15) -> 0.071906343
F6: O2 = 3*C2H4 | G6: =3*G5 -> 0.21571903
A8: INTERMEDIATE | B8: Bottle Gas 1 Fraction | C8: Inert GCF
B9: =VLOOKUP(E2,Tables!A3:C27,3,FALSE) -> 0.85 | C9: =VLOOKUP(E2,Tables!A3:I27,6,FALSE) -> 1
B10: Bottle GCF | C10: Inert(slpm actual gas) | D10: Oxidizer (slpm actual) | E10: Inert for O2 (slpm actual)
B11: =VLOOKUP(E2,Tables!A3:I27,9,FALSE) -> 0.98115252 | C11: =((B9-G2)/G2)*F2 -> 0.65742942 | D11: =F2/B9 -> 0.25378709 | E11: =((B9-G2)/G2)*D11 -> 0.77344638
B12: Fuel (slpm N2-basis) | C12: Inert (slpm N2-basis) | D12: Oxidizer (slpm N2-basis) | E12: Inert for O2 (slpm N2-basis)
B13: =F2/B11 -> 0.21986289 | C13: =C11/C9 -> 0.65742942 | D13: =D11/B11 -> 0.25866223 | E13: =E11/C9 -> 0.77344638
A18: RESULTS | B18: MFCA1 | C18: MFCA2 | D18: MFCA3
B19: Oxidizer(slpm N2-based) | C19: Inert (slpm N2-based) | D19: Fuel (slpm N2-based)
B20: =IF(D2="Fuel",0,D13) -> 0.25866223 | C20: =IF(D2="Fuel",C13,E13) -> 0.77344638 | D20: =IF(D2="Fuel",B13,0) -> 0

Sheet Tables
A1: Gas Bottle | B1: Manifold | C1: First Gas | E1: Second Gas | G1: Third Gas | I1: Mixture Gas
C2: Conc | D2: GCF | E2: Conc | F2: GCF | G2: Conc | H2: GCF | I2: Correction Factor
A3: CH4/N2 40/60% | B3: 4 - Fuel | C3: 0.4 | D3: 0.7787 | E3: 0.6 | F3: 1 | G3: 0 | H3: 99 | I3: =1/(C3/D3+E3/F3+G3/H3) -> 0.89792671
A4: CH4/N2 30/70% | B4: 4 - Fuel | C4: 0.3 | D4: 0.7787 | E4: 0.7 | F4: 1 | G4: 0 | H4: 99 | I4: =1/(C4/D4+E4/F4+G4/H4) -> 0.92144032
A5: CH4/N2 45/55% | B5: 4 - Fuel | C5: 0.45 | D5: 0.7787 | E5: 0.55 | F5: 1 | G5: 0 | H5: 99 | I5: =1/(C5/D5+E5/F5+G5/H5) -> 0.88661425
A6: C2H4/N2 50/50% | B6: 4 - Fuel | C6: 0.5 | D6: 0.6062 | E6: 0.5 | F6: 1 | G6: 0 | H6: 99 | I6: =1/(C6/D6+E6/F6+G6/H6) -> 0.75482505
A7: C2H4/N2 30/70% | B7: 4 - Fuel | C7: 0.3 | D7: 0.6062 | E7: 0.7 | F7: 1 | G7: 0 | H7: 99 | I7: =1/(C7/D7+E7/F7+G7/H7) -> 0.8368998
A8: C2H4 100% | B8: 4 - Fuel | C8: 1 | D8: 0.6062 | E8: 0 | F8: 99 | G8: 0 | H8: 99 | I8: =1/(C8/D8+E8/F8+G8/H8) -> 0.6062
A9: CH4 100% | B9: 4 - Fuel | C9: 1 | D9: 0.7787 | E9: 0 | F9: 99 | G9: 0 | H9: 99 | I9: =1/(C9/D9+E9/F9+G9/H9) -> 0.7787
A10: H2/CH4 55.6/44.4% | B10: 4 - Fuel | C10: 0.556 | D10: 1.0038 | E10: 0.444 | F10: 0.7787 | G10: 0 | H10: 99 | I10: =1/(C10/D10+E10/F10+G10/H10) -> 0.88961935
A11: H2/CH4 44.4/55.6% | B11: 4 - Fuel | C11: 0.444 | D11: 1.0038 | E11: 0.556 | F11: 0.7787 | G11: 0 | H11: 99 | I11: =1/(C11/D11+E11/F11+G11/H11) -> 0.86480524
A12: H2/CH4 66.7/33.3% | B12: 4 - Fuel | C12: 0.667 | D12: 1.0038 | E12: 0.333 | F12: 0.7787 | G12: 0 | H12: 99 | I12: =1/(C12/D12+E12/F12+G12/H12) -> 0.91565801
A13: H2 100% | B13: 4 - Fuel | C13: 1 | D13: 1.0038 | E13: 0 | F13: 99 | G13: 0 | H13: 99 | I13: =1/(C13/D13+E13/F13+G13/H13) -> 1.0038
A14: H2/CH4/He 25/20/55% | B14: 4 - Fuel | C14: 0.25 | D14: 1.0038 | E14: 0.2 | F14: 0.7787 | G14: 0.55 | H14: 99 | I14: =1/(C14/D14+E14/F14+G14/H14) -> 1.955235
... A27: He 100% | B27: 1 - Diluent | C27: 1 | D27: 1.4005 | E27: 0 | F27: 99 | G27: 0 | H27: 99 | I27: =1/(C27/D27+E27/F27+G27/H27) -> 1.4005
A28: 99 means n/a
A30: Temperature C | B30: 25 | D30: velocity-based Experiments | J30: mass-based Experiments | O30: Ethylene density and conversion factors are from Hastings data (see other tab)
A31: Temperature Factor | B31: =(273.15/(273.15+B30)) -> 0.91614959 | D31: Coflow | J31: Flame Design
A32: seconds/min | B32: 60 | D32: S-Flame | J32: BRE | O32: Ethylene heat capacity above is for ~20 C and not 0 C and is from (copied 2012-APR-11):
A33: cm3 / liter | B33: 1000 | D33: E-Field | J33: mass-based Burner Areas (m2) | P33: http://www.engineeringtoolbox.com/spesific-heat-capacity-gases-d_159.html
A34: cm2 / m2 | B34: 10000 | D34: velocity-based Burner Areas (m2) | J34: Spherical 1/4 | M34: 1
D35: Spherical 1/4 | F35: 1 | H35: 0 | J35: Spherical 3/8 | M35: 1
D36: Spherical 3/8 | F36: 1 | H36: 0 | J36: Spherical 1/2 | M36: 1
A37: Fuel | D37: Spherical 1/2 | F37: 1 | H37: 0 | J37: BRE 25mm | M37: =PI()/4*((25*0.001)^2) -> 0.00049087385
A38: Oxidizer | D38: Coflow | E38: Inner | F38: =PI()/4*((0.085*0.0254)^2) -> 3.6609615e-06 | G38: Outer | H38: =((PI()/4*((0.984*0.0254)^2))-((PI()/4*((0.095*0.0254)^2)))) -> 0.00048604952 | J38: BRE 50mm | M38: =PI()/4*((50*0.001)^2) -> 0.0019634954
D39: Gas Jet 1.3mm | F39: =PI()/4*((1.3*0.001)^2) -> 1.3273229e-06 | H39: 0
D40: Gas Jet 2.1mm | F40: =PI()/4*((2.1*0.001)^2) -> 3.4636059e-06 | H40: 0
